datetime,open,high,low,close,volume,quote_volume,trade_count,taker_buy_volume,taker_buy_quote_volume
2025-01-02 10:45:00,2.39750000,2.39750000,2.39060000,2.39480000,557730.00000000,1335314.91800000,3499,239829.00000000,574210.89890000
2025-01-02 10:50:00,2.39490000,2.40160000,2.39360000,2.39970000,1138921.00000000,2732690.23130000,4213,761789.00000000,1827910.79800000
2025-01-02 10:55:00,2.39960000,2.40000000,2.39340000,2.39520000,653287.00000000,1565922.63090000,2955,224146.00000000,537321.59240000
2025-01-02 11:00:00,2.39520000,2.39560000,2.38740000,2.38850000,655508.00000000,1566854.57390000,3484,246034.00000000,587929.88720000
2025-01-02 11:05:00,2.38860000,2.39990000,2.38790000,2.39900000,408898.00000000,979670.19920000,3231,198302.00000000,474916.20170000
2025-01-02 11:10:00,2.39890000,2.40140000,2.39090000,2.39680000,599106.00000000,1435097.46670000,3630,251449.00000000,602430.47050000
2025-01-02 11:15:00,2.39680000,2.39910000,2.39420000,2.39570000,413530.00000000,991188.76140000,2570,168335.00000000,403490.23280000
2025-01-02 11:20:00,2.39570000,2.39880000,2.39290000,2.39670000,898085.00000000,2152746.85590000,2941,562716.00000000,1349080.68700000
2025-01-02 11:25:00,2.39680000,2.40400000,2.39630000,2.40010000,844344.00000000,2026818.54670000,2982,368251.00000000,883914.25750000
2025-01-02 11:30:00,2.40010000,2.40020000,2.39510000,2.39890000,441482.00000000,1058534.02460000,2970,221625.00000000,531355.54740000
2025-01-02 11:35:00,2.39880000,2.40780000,2.39880000,2.40690000,1670354.00000000,4016009.30480000,5224,861614.00000000,2071244.42620000
2025-01-02 11:40:00,2.40690000,2.41180000,2.40370000,2.40940000,1745518.00000000,4205396.05010000,4998,1338037.00000000,3224027.60570000
2025-01-02 11:45:00,2.40930000,2.41680000,2.40760000,2.41120000,1050718.00000000,2534999.86080000,5196,511161.00000000,1233292.64370000
2025-01-02 11:50:00,2.41120000,2.41120000,2.40180000,2.40590000,618391.00000000,1487822.15530000,4480,189571.00000000,456029.54320000
2025-01-02 11:55:00,2.40590000,2.40740000,2.40280000,2.40350000,521247.00000000,1253794.26250000,2560,212872.00000000,512003.42340000
2025-01-02 12:00:00,2.40350000,2.40800000,2.40080000,2.40800000,443112.00000000,1065087.83770000,3581,201577.00000000,484542.67860000
2025-01-02 12:05:00,2.40800000,2.40940000,2.40010000,2.40120000,439964.00000000,1057706.02570000,3101,204334.00000000,491318.19470000
2025-01-02 12:10:00,2.40130000,2.40790000,2.39920000,2.40300000,489896.00000000,1177543.71620000,2795,258060.00000000,620471.57520000
2025-01-02 12:15:00,2.40310000,2.41040000,2.40300000,2.41040000,556231.00000000,1338572.39390000,2746,344092.00000000,828212.64240000
2025-01-02 12:20:00,2.41050000,2.41080000,2.39820000,2.39970000,539998.00000000,1298201.21820000,3921,224086.00000000,538589.55810000
2025-01-02 12:25:00,2.39970000,2.40850000,2.39970000,2.40720000,718430.00000000,1727623.67610000,3486,336253.00000000,808440.46810000
2025-01-02 12:30:00,2.40710000,2.41070000,2.40180000,2.40820000,709696.00000000,1708187.74750000,4144,278135.00000000,669530.02890000
2025-01-02 12:35:00,2.40810000,2.41080000,2.40420000,2.40920000,551697.00000000,1328858.11310000,3307,254586.00000000,613174.95830000
2025-01-02 12:40:00,2.40920000,2.41550000,2.40900000,2.41490000,655340.00000000,1581474.96250000,4121,382110.00000000,922148.36930000
2025-01-02 12:45:00,2.41500000,2.42200000,2.41500000,2.41940000,1204617.00000000,2913922.83330000,6233,745644.00000000,1803521.29520000
2025-01-02 12:50:00,2.41940000,2.41940000,2.40990000,2.41060000,880758.00000000,2125831.34520000,4167,435875.00000000,1052263.81060000
2025-01-02 12:55:00,2.41070000,2.41320000,2.40600000,2.40710000,646659.00000000,1557926.33400000,2964,263950.00000000,636001.57440000
2025-01-02 13:00:00,2.40720000,2.41160000,2.40310000,2.40900000,521377.00000000,1255009.40000000,3616,250755.00000000,603481.22350000
2025-01-02 13:05:00,2.40910000,2.41340000,2.40810000,2.41110000,372557.00000000,898335.28100000,2446,177483.00000000,427904.25050000
2025-01-02 13:10:00,2.41110000,2.41430000,2.40460000,2.40520000,690901.00000000,1664876.62050000,3391,308946.00000000,744584.94030000
2025-01-02 13:15:00,2.40510000,2.40660000,2.39610000,2.39890000,1226634.00000000,2945484.75850000,5884,481289.00000000,1155657.00520000
2025-01-02 13:20:00,2.39900000,2.40240000,2.39360000,2.39700000,1334937.00000000,3199998.50330000,4841,612632.00000000,1468248.82310000
2025-01-02 13:25:00,2.39700000,2.40420000,2.39700000,2.40360000,480377.00000000,1153738.11140000,3269,221063.00000000,530912.11170000
2025-01-02 13:30:00,2.40370000,2.40420000,2.39440000,2.39990000,583523.00000000,1399317.89950000,3955,271429.00000000,650779.86070000
2025-01-02 13:35:00,2.39980000,2.40600000,2.39770000,2.40590000,616666.00000000,1481639.72930000,3305,265332.00000000,637590.07550000
2025-01-02 13:40:00,2.40590000,2.40620000,2.39960000,2.40140000,515409.00000000,1239036.41320000,3588,228962.00000000,550386.34730000
2025-01-02 13:45:00,2.40130000,2.40160000,2.39100000,2.39350000,1323948.00000000,3170315.58860000,6097,576882.00000000,1381391.77350000
2025-01-02 13:50:00,2.39350000,2.39700000,2.38630000,2.38740000,1135573.00000000,2715379.59720000,5939,471773.00000000,1128056.19690000
2025-01-02 13:55:00,2.38730000,2.39430000,2.38570000,2.39110000,673927.00000000,1611147.33090000,4415,335370.00000000,801748.92650000
2025-01-02 14:00:00,2.39100000,2.39330000,2.36410000,2.36810000,3938349.00000000,9367939.21440000,14737,1500020.00000000,3570896.80680000
2025-01-02 14:05:00,2.36800000,2.38340000,2.36780000,2.38150000,1997472.00000000,4747260.99570000,8958,1156873.00000000,2749368.78930000
2025-01-02 14:10:00,2.38150000,2.38550000,2.37320000,2.38370000,1123300.00000000,2674580.30900000,6386,560650.00000000,1334799.59020000
2025-01-02 14:15:00,2.38380000,2.38830000,2.37610000,2.37820000,855958.00000000,2038680.57670000,5050,396432.00000000,944085.09350000
2025-01-02 14:20:00,2.37820000,2.38490000,2.37540000,2.38440000,698738.00000000,1663568.31850000,3904,357082.00000000,850261.25880000
2025-01-02 14:25:00,2.38430000,2.39190000,2.38410000,2.38900000,848188.00000000,2025011.89390000,3739,546699.00000000,1305104.02350000
2025-01-02 14:30:00,2.38900000,2.42240000,2.38650000,2.40180000,4302175.00000000,10357718.02910000,22674,2601931.00000000,6263185.06440000
2025-01-02 14:35:00,2.40170000,2.40270000,2.38980000,2.39360000,1960926.00000000,4698912.66060000,12281,891714.00000000,2137362.60670000
2025-01-02 14:40:00,2.39370000,2.41960000,2.39100000,2.40930000,2874521.00000000,6935207.65060000,12507,1292721.00000000,3117885.15080000
2025-01-02 14:45:00,2.40930000,2.41670000,2.40270000,2.40810000,1333604.00000000,3214920.56310000,9550,607209.00000000,1463650.26620000
2025-01-02 14:50:00,2.40810000,2.41060000,2.40190000,2.40950000,1163335.00000000,2799949.48150000,6594,599757.00000000,1443773.15080000
2025-01-02 14:55:00,2.40960000,2.41120000,2.40190000,2.40760000,1016167.00000000,2445466.25270000,6239,479601.00000000,1154143.88620000
2025-01-02 15:00:00,2.40750000,2.40860000,2.39310000,2.39700000,1081543.00000000,2594970.39920000,6583,439442.00000000,1054622.32870000
2025-01-02 15:05:00,2.39710000,2.40100000,2.39280000,2.39730000,713044.00000000,1709134.91080000,5075,299034.00000000,716895.39180000
2025-01-02 15:10:00,2.39720000,2.40420000,2.39370000,2.40120000,719061.00000000,1725684.95860000,4633,318539.00000000,764400.29400000
2025-01-02 15:15:00,2.40130000,2.40410000,2.38860000,2.38970000,787188.00000000,1887460.52800000,5057,278892.00000000,669028.98140000
2025-01-02 15:20:00,2.38960000,2.39000000,2.37860000,2.37990000,2218649.00000000,5286439.15500000,9768,1199620.00000000,2858236.25000000
2025-01-02 15:25:00,2.37990000,2.39060000,2.37910000,2.39040000,996306.00000000,2377747.65970000,5674,464019.00000000,1107400.00130000
2025-01-02 15:30:00,2.39040000,2.39300000,2.38270000,2.38460000,889475.00000000,2123908.80830000,5176,310025.00000000,740227.05030000
2025-01-02 15:35:00,2.38460000,2.39070000,2.38040000,2.38790000,933880.00000000,2227998.19850000,5966,524467.00000000,1251232.78050000
2025-01-02 15:40:00,2.38800000,2.39230000,2.38280000,2.39070000,668283.00000000,1595168.52270000,4382,286975.00000000,685020.11370000
2025-01-02 15:45:00,2.39070000,2.40930000,2.38930000,2.40680000,1286521.00000000,3088306.32580000,8266,652923.00000000,1567887.66350000
2025-01-02 15:50:00,2.40670000,2.40670000,2.39730000,2.40510000,1125113.00000000,2702667.56870000,6378,481518.00000000,1156600.80150000
2025-01-02 15:55:00,2.40500000,2.40680000,2.40040000,2.40420000,664797.00000000,1597666.72610000,4719,258426.00000000,621149.41170000
2025-01-02 16:00:00,2.40430000,2.40830000,2.39430000,2.39830000,763175.00000000,1832203.76500000,5633,273926.00000000,657560.53670000
2025-01-02 16:05:00,2.39840000,2.40540000,2.39820000,2.40200000,1048897.00000000,2520671.97120000,4521,327884.00000000,787809.92340000
2025-01-02 16:10:00,2.40190000,2.41080000,2.40000000,2.40890000,912726.00000000,2196298.00740000,4828,517139.00000000,1244411.13560000
2025-01-02 16:15:00,2.40890000,2.41390000,2.40550000,2.40780000,1596729.00000000,3847353.86650000,6478,997283.00000000,2402744.31050000
2025-01-02 16:20:00,2.40770000,2.40990000,2.40430000,2.40700000,543467.00000000,1308180.18610000,3151,285109.00000000,686210.78350000
2025-01-02 16:25:00,2.40690000,2.41080000,2.40590000,2.40980000,629261.00000000,1515932.92940000,3277,372338.00000000,896940.26550000
2025-01-02 16:30:00,2.40970000,2.41000000,2.40120000,2.40460000,795801.00000000,1914265.43340000,4176,323064.00000000,777026.64340000
2025-01-02 16:35:00,2.40450000,2.40890000,2.40280000,2.40430000,505436.00000000,1216223.66010000,3703,264826.00000000,637198.84370000
2025-01-02 16:40:00,2.40430000,2.40940000,2.40400000,2.40930000,665614.00000000,1601391.95560000,3552,349292.00000000,840325.54560000
2025-01-02 16:45:00,2.40940000,2.42200000,2.40680000,2.42150000,2208975.00000000,5341418.98880000,7027,1294049.00000000,3128333.01260000
2025-01-02 16:50:00,2.42150000,2.42190000,2.41060000,2.41540000,962592.00000000,2328239.70800000,5087,530866.00000000,1284293.98080000
2025-01-02 16:55:00,2.41550000,2.42050000,2.41450000,2.41890000,533511.00000000,1290202.72110000,3358,273442.00000000,661291.32940000
2025-01-02 17:00:00,2.41900000,2.42300000,2.41520000,2.42030000,779210.00000000,1885759.82470000,4621,449113.00000000,1086879.39030000
2025-01-02 17:05:00,2.42040000,2.43490000,2.41910000,2.43050000,2500262.00000000,6075291.62650000,9485,1510278.00000000,3669458.77670000
2025-01-02 17:10:00,2.43050000,2.43260000,2.42390000,2.43200000,1190599.00000000,2892116.83000000,5536,714433.00000000,1735577.72310000
2025-01-02 17:15:00,2.43200000,2.43800000,2.42750000,2.42810000,1770256.00000000,4307816.73980000,6716,1001759.00000000,2437826.30210000
2025-01-02 17:20:00,2.42820000,2.42980000,2.42200000,2.42340000,569271.00000000,1380649.46730000,3888,233876.00000000,567151.33110000
2025-01-02 17:25:00,2.42340000,2.42760000,2.42250000,2.42710000,528843.00000000,1282321.88680000,3562,222637.00000000,539931.24510000
2025-01-02 17:30:00,2.42700000,2.42750000,2.41240000,2.42090000,1722583.00000000,4168728.93980000,6778,664464.00000000,1608025.78810000
2025-01-02 17:35:00,2.42090000,2.42710000,2.41180000,2.41260000,2046063.00000000,4947522.23550000,7444,798875.00000000,1932881.84560000
2025-01-02 17:40:00,2.41260000,2.41600000,2.39600000,2.39820000,2781498.00000000,6686943.13560000,12288,1280834.00000000,3080305.45640000
2025-01-02 17:45:00,2.39830000,2.40130000,2.37560000,2.37570000,4156785.00000000,9914729.18780000,14349,1755936.00000000,4185221.14940000
2025-01-02 17:50:00,2.37570000,2.38640000,2.37560000,2.38630000,1529654.00000000,3643965.93210000,7921,934068.00000000,2224921.15410000
2025-01-02 17:55:00,2.38630000,2.39610000,2.38620000,2.39600000,1376215.00000000,3291472.35540000,5911,854173.00000000,2042830.10040000
2025-01-02 18:00:00,2.39590000,2.39900000,2.38560000,2.38940000,1058459.00000000,2532529.97620000,5264,589234.00000000,1409853.76590000
2025-01-02 18:05:00,2.38940000,2.40190000,2.38760000,2.39820000,739755.00000000,1772058.52030000,4392,494310.00000000,1184134.56210000
2025-01-02 18:10:00,2.39810000,2.40020000,2.39400000,2.39720000,673670.00000000,1614597.78620000,3844,378116.00000000,906357.59550000
2025-01-02 18:15:00,2.39730000,2.40380000,2.39530000,2.40290000,520006.00000000,1248031.02410000,3989,316529.00000000,759700.31760000
2025-01-02 18:20:00,2.40290000,2.41420000,2.40290000,2.41310000,642885.00000000,1549051.90900000,4253,352213.00000000,848579.49240000
2025-01-02 18:25:00,2.41300000,2.41300000,2.40150000,2.40340000,734934.00000000,1768800.32650000,3082,254929.00000000,613045.47730000
2025-01-02 18:30:00,2.40340000,2.40480000,2.39490000,2.39770000,544297.00000000,1305581.52060000,3686,249234.00000000,597901.09740000
2025-01-02 18:35:00,2.39760000,2.40520000,2.39760000,2.40260000,338621.00000000,813319.05000000,2401,193612.00000000,464899.03750000
2025-01-02 18:40:00,2.40250000,2.40690000,2.39860000,2.40580000,336756.00000000,809569.19220000,2837,216889.00000000,521443.45870000
2025-01-02 18:45:00,2.40570000,2.40840000,2.40090000,2.40230000,783847.00000000,1886069.68200000,3542,574381.00000000,1382265.74660000
2025-01-02 18:50:00,2.40230000,2.40800000,2.40060000,2.40510000,339357.00000000,815954.20830000,2802,190962.00000000,459105.71310000
2025-01-02 18:55:00,2.40510000,2.40860000,2.40260000,2.40720000,239731.00000000,576672.45340000,2128,141254.00000000,339788.88040000
2025-01-02 19:00:00,2.40710000,2.40710000,2.39720000,2.40260000,1023246.00000000,2458915.63600000,3457,257942.00000000,619604.55370000
2025-01-02 19:05:00,2.40260000,2.40500000,2.39910000,2.40280000,325739.00000000,782519.73370000,2247,117609.00000000,282523.30340000
2025-01-02 19:10:00,2.40280000,2.40710000,2.40270000,2.40390000,331482.00000000,797124.04650000,2224,158952.00000000,382217.29140000
2025-01-02 19:15:00,2.40380000,2.41080000,2.40380000,2.41080000,355308.00000000,855320.39250000,2493,215078.00000000,517800.10050000
2025-01-02 19:20:00,2.41080000,2.41500000,2.40930000,2.41010000,1265970.00000000,3054028.83640000,3427,892232.00000000,2152467.69110000
2025-01-02 19:25:00,2.41010000,2.41200000,2.40500000,2.40570000,400449.00000000,964295.24600000,2341,255864.00000000,616145.75500000
2025-01-02 19:30:00,2.40560000,2.40560000,2.39710000,2.39810000,438254.00000000,1052130.62440000,3088,128559.00000000,308641.05980000
2025-01-02 19:35:00,2.39820000,2.39950000,2.39340000,2.39550000,624181.00000000,1495376.40580000,4017,221251.00000000,529946.18560000
2025-01-02 19:40:00,2.39550000,2.39950000,2.39340000,2.39810000,575568.00000000,1379474.69760000,2414,228226.00000000,546903.06060000
2025-01-02 19:45:00,2.39810000,2.40050000,2.39070000,2.39260000,1072983.00000000,2567432.59700000,3846,746193.00000000,1785197.06130000
2025-01-02 19:50:00,2.39250000,2.39570000,2.39200000,2.39450000,372406.00000000,891448.15970000,2604,216036.00000000,517114.32150000
2025-01-02 19:55:00,2.39440000,2.39490000,2.38770000,2.38780000,449923.00000000,1075566.44220000,2632,150050.00000000,358730.13340000
2025-01-02 20:00:00,2.38790000,2.39750000,2.38790000,2.39740000,340706.00000000,814872.86150000,2631,204313.00000000,488694.17880000
2025-01-02 20:05:00,2.39730000,2.39730000,2.39040000,2.39260000,260703.00000000,623984.13900000,2472,121280.00000000,290256.89180000
2025-01-02 20:10:00,2.39260000,2.39510000,2.38890000,2.39410000,301920.00000000,722245.16750000,2188,149187.00000000,356895.25120000
2025-01-02 20:15:00,2.39410000,2.39470000,2.39000000,2.39130000,212072.00000000,507306.30320000,2250,115764.00000000,276906.19560000
2025-01-02 20:20:00,2.39140000,2.39510000,2.39000000,2.39000000,256260.00000000,613043.32040000,2015,124468.00000000,297768.70490000
2025-01-02 20:25:00,2.39000000,2.39250000,2.38660000,2.38670000,872964.00000000,2085456.57320000,2516,564659.00000000,1348761.68080000
2025-01-02 20:30:00,2.38680000,2.38710000,2.37580000,2.37930000,1664549.00000000,3964163.92730000,6755,564614.00000000,1344357.22000000
2025-01-02 20:35:00,2.37930000,2.37980000,2.36620000,2.36710000,1841990.00000000,4370812.47790000,6863,708035.00000000,1681252.75880000
2025-01-02 20:40:00,2.36710000,2.37780000,2.36680000,2.37380000,1382455.00000000,3280322.30750000,5203,740281.00000000,1756258.38210000
2025-01-02 20:45:00,2.37380000,2.38450000,2.37270000,2.38390000,1237811.00000000,2946895.89830000,4586,958615.00000000,2282849.31280000
2025-01-02 20:50:00,2.38390000,2.38500000,2.38170000,2.38260000,513538.00000000,1224074.73180000,2693,312725.00000000,745358.84810000
2025-01-02 20:55:00,2.38260000,2.38450000,2.37640000,2.38410000,914065.00000000,2176456.65070000,3549,496231.00000000,1181758.40930000
2025-01-02 21:00:00,2.38410000,2.38800000,2.38060000,2.38110000,623056.00000000,1486273.29470000,2718,218319.00000000,520749.06080000
2025-01-02 21:05:00,2.38110000,2.38110000,2.37640000,2.37980000,393597.00000000,936326.55170000,2197,182605.00000000,434390.19130000
2025-01-02 21:10:00,2.37980000,2.38000000,2.37330000,2.37650000,494281.00000000,1174582.52430000,2262,146511.00000000,348226.05500000
2025-01-02 21:15:00,2.37640000,2.38270000,2.37280000,2.37930000,379520.00000000,902616.58940000,2278,179470.00000000,426834.95260000
2025-01-02 21:20:00,2.37930000,2.38220000,2.37840000,2.37990000,529501.00000000,1260108.24960000,2108,124397.00000000,296031.37560000
2025-01-02 21:25:00,2.37980000,2.38360000,2.37980000,2.38180000,288644.00000000,687496.42650000,1577,214567.00000000,511063.53650000
2025-01-02 21:30:00,2.38180000,2.38200000,2.37450000,2.37540000,322913.00000000,767817.31460000,1962,110206.00000000,261977.41670000
2025-01-02 21:35:00,2.37530000,2.38150000,2.37440000,2.38100000,659317.00000000,1568232.75580000,2691,399208.00000000,949527.12700000
2025-01-02 21:40:00,2.38100000,2.38440000,2.37930000,2.38370000,392385.00000000,934836.32880000,1993,247788.00000000,590434.28360000
2025-01-02 21:45:00,2.38380000,2.38750000,2.38180000,2.38660000,381439.00000000,909725.84470000,2360,129570.00000000,308974.83090000
2025-01-02 21:50:00,2.38660000,2.38660000,2.38350000,2.38510000,211885.00000000,505349.82530000,1605,96803.00000000,230883.04330000
2025-01-02 21:55:00,2.38510000,2.38720000,2.38240000,2.38650000,359179.00000000,856721.38560000,1816,127426.00000000,303919.36980000
2025-01-02 22:00:00,2.38650000,2.38790000,2.38480000,2.38720000,491075.00000000,1171834.46750000,1766,339172.00000000,809316.32000000
2025-01-02 22:05:00,2.38730000,2.39670000,2.38670000,2.39550000,557046.00000000,1332712.50040000,2657,389132.00000000,931046.71820000
2025-01-02 22:10:00,2.39560000,2.39710000,2.38980000,2.39250000,897922.00000000,2148601.15860000,2602,377763.00000000,904216.95830000
2025-01-02 22:15:00,2.39250000,2.39800000,2.38880000,2.39790000,578905.00000000,1385491.94300000,2293,250072.00000000,598505.75380000
2025-01-02 22:20:00,2.39780000,2.39910000,2.38900000,2.39320000,631502.00000000,1512157.33020000,2773,320920.00000000,768246.52790000
2025-01-02 22:25:00,2.39320000,2.39670000,2.38890000,2.39450000,954465.00000000,2284335.67150000,2389,242508.00000000,580218.75120000
2025-01-02 22:30:00,2.39450000,2.40350000,2.39450000,2.40180000,747692.00000000,1795046.44510000,3000,462815.00000000,1111080.37240000
2025-01-02 22:35:00,2.40180000,2.40550000,2.40120000,2.40300000,318731.00000000,766065.15660000,1853,193523.00000000,465130.13730000
2025-01-02 22:40:00,2.40310000,2.40680000,2.40210000,2.40510000,422476.00000000,1016146.62750000,2122,323646.00000000,778461.83920000
2025-01-02 22:45:00,2.40520000,2.40520000,2.39610000,2.40070000,416060.00000000,998775.79600000,2122,89253.00000000,214267.16470000
2025-01-02 22:50:00,2.40060000,2.41130000,2.39910000,2.41060000,482602.00000000,1161992.43280000,3224,324324.00000000,780893.03050000
2025-01-02 22:55:00,2.41050000,2.41060000,2.40400000,2.40560000,953851.00000000,2295636.64360000,2489,228149.00000000,548887.03400000
2025-01-02 23:00:00,2.40560000,2.41020000,2.40530000,2.40810000,653233.00000000,1572964.14510000,2996,289521.00000000,697030.57310000
2025-01-02 23:05:00,2.40820000,2.40830000,2.39860000,2.40160000,908883.00000000,2182290.61210000,3173,251099.00000000,602948.29990000
2025-01-02 23:10:00,2.40160000,2.40330000,2.39840000,2.40030000,377723.00000000,906698.01040000,2050,135010.00000000,324129.43590000
2025-01-02 23:15:00,2.40040000,2.40500000,2.39850000,2.40440000,256471.00000000,616128.14240000,1748,85559.00000000,205552.48850000
2025-01-02 23:20:00,2.40440000,2.40690000,2.40340000,2.40430000,509095.00000000,1224508.89750000,2002,283257.00000000,681433.58650000
2025-01-02 23:25:00,2.40420000,2.40560000,2.40080000,2.40240000,229991.00000000,552740.45060000,1579,92115.00000000,221378.35970000
2025-01-02 23:30:00,2.40250000,2.40620000,2.40020000,2.40380000,243313.00000000,584792.62240000,1614,111606.00000000,268245.57330000
2025-01-02 23:35:00,2.40380000,2.40790000,2.40320000,2.40640000,349136.00000000,839873.77970000,2030,151194.00000000,363730.39570000
2025-01-02 23:40:00,2.40640000,2.41470000,2.40620000,2.40850000,774527.00000000,1867620.41510000,3958,482745.00000000,1164193.35620000
2025-01-02 23:45:00,2.40840000,2.41060000,2.40510000,2.40910000,298487.00000000,718691.22390000,1955,130810.00000000,314991.48110000
2025-01-02 23:50:00,2.40920000,2.41240000,2.40460000,2.40460000,471000.00000000,1134645.96420000,2465,227803.00000000,548942.20060000
2025-01-02 23:55:00,2.40460000,2.40740000,2.40180000,2.40240000,348292.00000000,837540.18040000,2117,134599.00000000,323678.69490000
2025-01-03 00:00:00,2.40240000,2.40640000,2.39790000,2.40560000,598332.00000000,1437395.12880000,3426,197580.00000000,474813.20650000
2025-01-03 00:05:00,2.40560000,2.41750000,2.40430000,2.41740000,653011.00000000,1574657.20140000,4455,342032.00000000,824793.85340000
2025-01-03 00:10:00,2.41740000,2.41840000,2.40950000,2.41240000,581466.00000000,1403539.38870000,3723,269800.00000000,651266.73660000
2025-01-03 00:15:00,2.41250000,2.41540000,2.40550000,2.40880000,650180.00000000,1567988.63420000,3396,228030.00000000,550140.74200000
2025-01-03 00:20:00,2.40880000,2.41400000,2.40700000,2.40740000,448664.00000000,1081415.17310000,3936,187489.00000000,451889.46330000
2025-01-03 00:25:00,2.40740000,2.41320000,2.40570000,2.41290000,651553.00000000,1569393.21460000,3684,222313.00000000,535457.91910000
2025-01-03 00:30:00,2.41290000,2.41380000,2.40690000,2.40950000,505558.00000000,1218099.32340000,3965,352577.00000000,849489.96120000
2025-01-03 00:35:00,2.40950000,2.41980000,2.40820000,2.41470000,1265780.00000000,3058339.64210000,5869,785777.00000000,1898477.51040000
2025-01-03 00:40:00,2.41460000,2.41670000,2.40870000,2.41080000,536383.00000000,1294604.87710000,3706,214374.00000000,517399.05620000
2025-01-03 00:45:00,2.41080000,2.41760000,2.40890000,2.41480000,413161.00000000,996966.44630000,3269,160215.00000000,386579.03830000
2025-01-03 00:50:00,2.41470000,2.41540000,2.40800000,2.41040000,560138.00000000,1350373.20870000,4369,247697.00000000,597163.02340000
2025-01-03 00:55:00,2.41050000,2.41340000,2.40840000,2.41120000,345418.00000000,832818.06470000,3193,140118.00000000,337804.69750000
2025-01-03 01:00:00,2.41120000,2.41920000,2.41120000,2.41740000,985208.00000000,2381273.22970000,5008,388404.00000000,938613.74170000
2025-01-03 01:05:00,2.41740000,2.41740000,2.40900000,2.41010000,444743.00000000,1073468.21750000,3711,182186.00000000,439692.31430000
2025-01-03 01:10:00,2.41010000,2.41040000,2.39660000,2.39870000,1154440.00000000,2771605.41330000,6283,399688.00000000,959417.04010000
2025-01-03 01:15:00,2.39880000,2.40740000,2.39720000,2.40470000,931837.00000000,2238917.27530000,5701,332129.00000000,797608.31380000
2025-01-03 01:20:00,2.40480000,2.42110000,2.40440000,2.41940000,903939.00000000,2181041.14120000,5761,534081.00000000,1289422.76850000
2025-01-03 01:25:00,2.41950000,2.42700000,2.41940000,2.42150000,1348258.00000000,3268154.67820000,8018,624481.00000000,1513655.44850000
2025-01-03 01:30:00,2.42140000,2.42220000,2.41470000,2.42200000,657136.00000000,1589641.89140000,5750,264845.00000000,640702.05170000
2025-01-03 01:35:00,2.42200000,2.42510000,2.41680000,2.41910000,843294.00000000,2041557.85500000,5066,352767.00000000,853941.56290000
2025-01-03 01:40:00,2.41910000,2.42670000,2.41870000,2.42300000,923343.00000000,2237372.79870000,4679,315810.00000000,765147.10440000
2025-01-03 01:45:00,2.42310000,2.43220000,2.42140000,2.43050000,1452964.00000000,3530041.54560000,7175,832173.00000000,2021761.67890000
2025-01-03 01:50:00,2.43050000,2.43710000,2.42780000,2.43220000,1290559.00000000,3139630.51570000,7058,548671.00000000,1335181.40090000
2025-01-03 01:55:00,2.43210000,2.43300000,2.42240000,2.42310000,775200.00000000,1880380.27240000,5277,283752.00000000,688175.66380000
2025-01-03 02:00:00,2.42320000,2.42510000,2.41760000,2.42220000,670140.00000000,1622394.51920000,5496,317989.00000000,769879.19480000
2025-01-03 02:05:00,2.42220000,2.43480000,2.42210000,2.43210000,1151198.00000000,2797779.19660000,5166,611049.00000000,1484693.20990000
2025-01-03 02:10:00,2.43210000,2.43310000,2.42610000,2.42690000,755650.00000000,1836458.05220000,4663,401252.00000000,975113.64550000
2025-01-03 02:15:00,2.42690000,2.43260000,2.42510000,2.43040000,668562.00000000,1624146.09500000,4539,385145.00000000,935722.16660000
2025-01-03 02:20:00,2.43040000,2.43720000,2.43010000,2.43650000,616387.00000000,1499511.90560000,5282,322584.00000000,784728.14740000
2025-01-03 02:25:00,2.43650000,2.46100000,2.43530000,2.45980000,4786026.00000000,11718869.06280000,19713,3057194.00000000,7486209.20440000
2025-01-03 02:30:00,2.45970000,2.46480000,2.44790000,2.44940000,2231076.00000000,5483006.15760000,13437,986557.00000000,2425046.67000000
2025-01-03 02:35:00,2.44930000,2.45000000,2.44280000,2.44520000,1260140.00000000,3082723.83390000,6196,665301.00000000,1627533.02450000
2025-01-03 02:40:00,2.44520000,2.44790000,2.43960000,2.44310000,1187251.00000000,2901371.28550000,5524,511711.00000000,1250761.14130000
2025-01-03 02:45:00,2.44310000,2.45640000,2.44310000,2.45460000,1339254.00000000,3283902.47490000,6206,943378.00000000,2313180.74890000
2025-01-03 02:50:00,2.45470000,2.46200000,2.44700000,2.45140000,1329626.00000000,3264823.32590000,7407,622338.00000000,1527627.58030000
2025-01-03 02:55:00,2.45150000,2.45230000,2.44500000,2.44750000,1067713.00000000,2614598.68410000,5260,669298.00000000,1639133.95850000
2025-01-03 03:00:00,2.44750000,2.45420000,2.43720000,2.43750000,1087372.00000000,2660587.12520000,6699,608601.00000000,1490125.86730000
2025-01-03 03:05:00,2.43750000,2.44830000,2.43750000,2.44790000,891425.00000000,2177370.71310000,5623,597831.00000000,1460232.07490000
2025-01-03 03:10:00,2.44800000,2.45890000,2.44790000,2.45260000,1075252.00000000,2639392.46780000,6732,603132.00000000,1480574.67070000
2025-01-03 03:15:00,2.45250000,2.45260000,2.44360000,2.44530000,444523.00000000,1088543.50240000,4200,259247.00000000,634781.32480000
2025-01-03 03:20:00,2.44530000,2.45100000,2.44030000,2.44810000,731996.00000000,1790208.91400000,4473,439521.00000000,1074599.19360000
2025-01-03 03:25:00,2.44820000,2.45880000,2.44820000,2.45740000,700971.00000000,1720261.63350000,5292,371133.00000000,910813.80900000
2025-01-03 03:30:00,2.45750000,2.45980000,2.45030000,2.45680000,1028305.00000000,2524530.63610000,5635,562752.00000000,1381130.56290000
2025-01-03 03:35:00,2.45680000,2.45690000,2.44840000,2.44850000,448866.00000000,1100594.75450000,3838,187117.00000000,458747.37700000
2025-01-03 03:40:00,2.44850000,2.45480000,2.44850000,2.45220000,521699.00000000,1279178.80430000,4541,309307.00000000,758340.80360000
2025-01-03 03:45:00,2.45220000,2.45220000,2.44420000,2.44730000,746730.00000000,1827276.89980000,4519,395002.00000000,966474.31890000
2025-01-03 03:50:00,2.44730000,2.47170000,2.44670000,2.46810000,1740948.00000000,4286662.31080000,9505,1006968.00000000,2479349.11870000
2025-01-03 03:55:00,2.46800000,2.47430000,2.46630000,2.46800000,2387563.00000000,5899988.67360000,10628,1035144.00000000,2557932.11610000
2025-01-03 04:00:00,2.46810000,2.46810000,2.44540000,2.44590000,1613491.00000000,3963496.67620000,10083,717454.00000000,1762992.12840000
2025-01-03 04:05:00,2.44600000,2.45410000,2.44600000,2.45260000,826394.00000000,2024686.97930000,6831,503257.00000000,1232885.98380000
2025-01-03 04:10:00,2.45260000,2.45780000,2.45220000,2.45750000,656038.00000000,1610744.58120000,5665,402574.00000000,988333.13340000
2025-01-03 04:15:00,2.45750000,2.45970000,2.44650000,2.45040000,835380.00000000,2048379.92520000,5774,327892.00000000,804248.81060000
2025-01-03 04:20:00,2.45050000,2.45400000,2.44780000,2.44840000,511806.00000000,1254239.45180000,4698,276560.00000000,677737.15270000
2025-01-03 04:25:00,2.44830000,2.45380000,2.44560000,2.44980000,763473.00000000,1869363.08460000,4577,394541.00000000,965896.87220000
2025-01-03 04:30:00,2.44980000,2.45930000,2.44830000,2.45750000,1272257.00000000,3122410.40020000,5350,815477.00000000,2001284.83490000
2025-01-03 04:35:00,2.45750000,2.45800000,2.45050000,2.45350000,593483.00000000,1456552.93730000,4610,365134.00000000,895849.46420000
2025-01-03 04:40:00,2.45350000,2.45440000,2.44590000,2.45010000,884789.00000000,2167126.80480000,4054,333854.00000000,817517.32620000
2025-01-03 04:45:00,2.45000000,2.45090000,2.44240000,2.44730000,892659.00000000,2183742.23180000,5765,341994.00000000,836616.57860000
2025-01-03 04:50:00,2.44730000,2.45100000,2.43700000,2.43820000,1065556.00000000,2604823.26440000,6202,301529.00000000,737240.27240000
2025-01-03 04:55:00,2.43810000,2.44310000,2.43730000,2.44280000,588191.00000000,1435076.08020000,5570,298221.00000000,727511.50590000
2025-01-03 05:00:00,2.44280000,2.44540000,2.43380000,2.43520000,908118.00000000,2214363.80480000,6976,369564.00000000,901363.56490000
2025-01-03 05:05:00,2.43510000,2.43960000,2.43180000,2.43570000,601930.00000000,1466270.05950000,5563,268806.00000000,654775.26010000
2025-01-03 05:10:00,2.43560000,2.44300000,2.43560000,2.44060000,501851.00000000,1224424.47520000,4428,279230.00000000,681227.47890000
2025-01-03 05:15:00,2.44070000,2.44110000,2.43610000,2.43860000,394923.00000000,963072.07150000,4024,161123.00000000,392897.81480000
2025-01-03 05:20:00,2.43860000,2.43860000,2.42390000,2.42610000,757978.00000000,1840754.18120000,6752,320876.00000000,779124.85170000
2025-01-03 05:25:00,2.42620000,2.43000000,2.42390000,2.42910000,536753.00000000,1302895.34450000,5303,250833.00000000,608859.16140000
2025-01-03 05:30:00,2.42900000,2.43070000,2.42370000,2.42370000,487848.00000000,1184066.05260000,4506,163317.00000000,396447.87680000
2025-01-03 05:35:00,2.42380000,2.42900000,2.42070000,2.42860000,627890.00000000,1522388.74700000,5490,311933.00000000,756603.13250000
2025-01-03 05:40:00,2.42860000,2.42950000,2.42090000,2.42460000,807227.00000000,1957517.39050000,5955,355197.00000000,861130.47220000
2025-01-03 05:45:00,2.42460000,2.43420000,2.42120000,2.43410000,1075042.00000000,2610785.93850000,5284,747418.00000000,1815017.05040000
2025-01-03 05:50:00,2.43410000,2.43830000,2.43340000,2.43600000,598974.00000000,1458793.34990000,5658,334518.00000000,814736.10190000
2025-01-03 05:55:00,2.43600000,2.43650000,2.42930000,2.43010000,494288.00000000,1202683.36950000,4528,135853.00000000,330497.65330000
2025-01-03 06:00:00,2.43020000,2.44090000,2.43010000,2.43830000,631731.00000000,1538122.95070000,4864,350943.00000000,854430.93010000
2025-01-03 06:05:00,2.43830000,2.44430000,2.43810000,2.44140000,577846.00000000,1410560.44500000,5645,232563.00000000,567729.57340000
2025-01-03 06:10:00,2.44150000,2.45150000,2.44150000,2.45040000,1096325.00000000,2685124.49710000,6602,517855.00000000,1268191.61770000
2025-01-03 06:15:00,2.45040000,2.45200000,2.44500000,2.44750000,611818.00000000,1498418.48640000,5379,276182.00000000,676498.81940000
2025-01-03 06:20:00,2.44750000,2.44760000,2.43970000,2.44030000,532588.00000000,1301565.82830000,4718,180375.00000000,440804.50970000
2025-01-03 06:25:00,2.44020000,2.44710000,2.44020000,2.44440000,524181.00000000,1281549.35970000,4015,231811.00000000,566739.90710000
2025-01-03 06:30:00,2.44440000,2.44690000,2.43710000,2.43930000,560205.00000000,1368737.04710000,4203,210492.00000000,514235.94520000
2025-01-03 06:35:00,2.43940000,2.44140000,2.43520000,2.43850000,366371.00000000,893407.98100000,3881,109461.00000000,266930.29560000
2025-01-03 06:40:00,2.43840000,2.44790000,2.43840000,2.44790000,548938.00000000,1341299.08550000,4096,294797.00000000,720305.17620000
2025-01-03 06:45:00,2.44800000,2.45050000,2.44020000,2.44990000,980476.00000000,2397867.34800000,7187,362399.00000000,886272.43040000
2025-01-03 06:50:00,2.44980000,2.45350000,2.44650000,2.45000000,560362.00000000,1373095.42080000,5023,232381.00000000,569448.29640000
2025-01-03 06:55:00,2.44990000,2.45050000,2.44020000,2.44440000,506717.00000000,1238376.25910000,4678,170938.00000000,417829.74820000
2025-01-03 07:00:00,2.44430000,2.44600000,2.42710000,2.42780000,921565.00000000,2242466.85260000,7537,331641.00000000,806686.37810000
2025-01-03 07:05:00,2.42780000,2.42890000,2.41740000,2.42020000,1773936.00000000,4297842.87880000,10545,781513.00000000,1893153.78990000
2025-01-03 07:10:00,2.42020000,2.42890000,2.41660000,2.42180000,1661044.00000000,4024040.12410000,8738,954647.00000000,2313389.81720000
2025-01-03 07:15:00,2.42180000,2.42640000,2.41890000,2.42130000,1155447.00000000,2798696.37820000,5614,730583.00000000,1769808.16590000
2025-01-03 07:20:00,2.42120000,2.42640000,2.41520000,2.41640000,1217326.00000000,2945584.85120000,5983,479126.00000000,1160274.64900000
2025-01-03 07:25:00,2.41650000,2.41660000,2.40760000,2.41360000,1420420.00000000,3425336.23820000,8698,465767.00000000,1123209.56920000
2025-01-03 07:30:00,2.41370000,2.41480000,2.41010000,2.41170000,1039325.00000000,2507876.65610000,6855,300629.00000000,725372.09810000
2025-01-03 07:35:00,2.41170000,2.41570000,2.40470000,2.40470000,1167034.00000000,2813252.93590000,7130,491686.00000000,1185736.85090000
2025-01-03 07:40:00,2.40460000,2.41720000,2.40440000,2.41520000,1645200.00000000,3965188.10540000,7770,849332.00000000,2046984.02760000
2025-01-03 07:45:00,2.41520000,2.41720000,2.41120000,2.41500000,1211910.00000000,2926009.28670000,6248,783241.00000000,1890879.44850000
2025-01-03 07:50:00,2.41490000,2.42150000,2.41490000,2.41750000,472930.00000000,1143975.67610000,3770,237963.00000000,575668.43310000
2025-01-03 07:55:00,2.41750000,2.42090000,2.41450000,2.41520000,473685.00000000,1144994.81730000,3021,217486.00000000,525703.65710000
2025-01-03 08:00:00,2.41530000,2.42490000,2.41520000,2.42400000,330239.00000000,799267.60610000,3946,193015.00000000,467215.44100000
2025-01-03 08:05:00,2.42390000,2.42390000,2.41870000,2.41920000,572011.00000000,1385126.92630000,3587,242477.00000000,587254.59450000
2025-01-03 08:10:00,2.41920000,2.42280000,2.41790000,2.42090000,347635.00000000,841341.23480000,2963,165680.00000000,401017.20680000
2025-01-03 08:15:00,2.42080000,2.42440000,2.42000000,2.42050000,531768.00000000,1287705.85550000,3253,193456.00000000,468474.20450000
2025-01-03 08:20:00,2.42050000,2.42060000,2.41380000,2.41550000,696261.00000000,1682645.63280000,4029,254666.00000000,615438.30490000
2025-01-03 08:25:00,2.41560000,2.42000000,2.41080000,2.41300000,749020.00000000,1808887.35950000,3938,272539.00000000,658020.70960000
2025-01-03 08:30:00,2.41290000,2.41300000,2.40170000,2.40610000,986203.00000000,2372320.71640000,6778,345602.00000000,831197.55580000
2025-01-03 08:35:00,2.40610000,2.41710000,2.40530000,2.41440000,388364.00000000,936856.67260000,3932,162927.00000000,393036.07910000
2025-01-03 08:40:00,2.41440000,2.41920000,2.41440000,2.41790000,315146.00000000,761834.09600000,2961,204883.00000000,495315.27800000
2025-01-03 08:45:00,2.41780000,2.41970000,2.41200000,2.41220000,471202.00000000,1138164.39480000,4161,246866.00000000,596454.23260000
2025-01-03 08:50:00,2.41210000,2.41870000,2.41210000,2.41660000,320994.00000000,775417.87010000,3546,159244.00000000,384663.00440000
2025-01-03 08:55:00,2.41660000,2.41800000,2.41200000,2.41330000,509486.00000000,1230098.88530000,2724,151841.00000000,366814.22980000
2025-01-03 09:00:00,2.41330000,2.41780000,2.41100000,2.41480000,348158.00000000,840481.10020000,3238,124847.00000000,301348.50180000
2025-01-03 09:05:00,2.41480000,2.41550000,2.40850000,2.41330000,409014.00000000,986514.98920000,3310,179859.00000000,433846.51530000
2025-01-03 09:10:00,2.41320000,2.42080000,2.41270000,2.42040000,523913.00000000,1266023.41220000,3400,267681.00000000,646974.16620000
2025-01-03 09:15:00,2.42030000,2.42470000,2.41590000,2.42220000,670649.00000000,1623717.62480000,4985,391274.00000000,947366.51410000
2025-01-03 09:20:00,2.42220000,2.42330000,2.41910000,2.42170000,423701.00000000,1025817.16620000,4083,212480.00000000,514504.23350000
2025-01-03 09:25:00,2.42170000,2.42170000,2.41700000,2.42020000,310489.00000000,751152.31640000,2515,131635.00000000,318460.09400000
2025-01-03 09:30:00,2.42030000,2.42710000,2.41860000,2.42610000,582335.00000000,1410654.12380000,3784,354908.00000000,859742.91890000
2025-01-03 09:35:00,2.42610000,2.42620000,2.41840000,2.41970000,359930.00000000,871396.87640000,3641,188236.00000000,455611.18570000
2025-01-03 09:40:00,2.41980000,2.42340000,2.41710000,2.41730000,568928.00000000,1377336.33720000,3978,371604.00000000,899595.02820000
2025-01-03 09:45:00,2.41740000,2.42380000,2.41700000,2.42240000,304539.00000000,736998.24690000,3250,173304.00000000,419311.30460000
2025-01-03 09:50:00,2.42240000,2.42680000,2.42190000,2.42230000,509269.00000000,1234284.24760000,3464,322022.00000000,780439.51980000
2025-01-03 09:55:00,2.42220000,2.42380000,2.41900000,2.42040000,374855.00000000,907682.06720000,2903,151871.00000000,367721.95370000
2025-01-03 10:00:00,2.42050000,2.42260000,2.41760000,2.42200000,494668.00000000,1197089.63550000,3597,320020.00000000,774500.08040000
2025-01-03 10:05:00,2.42210000,2.42900000,2.41740000,2.42000000,2093021.00000000,5073149.94390000,6832,811542.00000000,1967256.14590000
2025-01-03 10:10:00,2.42000000,2.42010000,2.41160000,2.41500000,802296.00000000,1937469.22480000,3744,352467.00000000,850848.51030000
2025-01-03 10:15:00,2.41500000,2.42060000,2.41400000,2.41890000,425907.00000000,1029042.04140000,3324,209267.00000000,505652.98590000
2025-01-03 10:20:00,2.41900000,2.42540000,2.41870000,2.42290000,592877.00000000,1436165.49890000,3432,322641.00000000,781513.99330000
2025-01-03 10:25:00,2.42290000,2.42690000,2.42120000,2.42290000,800892.00000000,1941329.57410000,3367,270712.00000000,656336.56130000
2025-01-03 10:30:00,2.42290000,2.42750000,2.42020000,2.42580000,594249.00000000,1440266.51630000,3720,384846.00000000,932779.35420000
2025-01-03 10:35:00,2.42580000,2.42580000,2.42100000,2.42390000,590977.00000000,1431985.81850000,3786,255891.00000000,620017.85790000
2025-01-03 10:40:00,2.42390000,2.42510000,2.42330000,2.42380000,13473.00000000,32655.17060000,403,5508.00000000,13349.83520000
